{
    "IMG-20260609-WA0053": {
        "bboxes": [
            [
                0.3712962962962963,
                0.3171875,
                0.1574074074074074,
                0.12239583333333333
            ]
        ],
        "labels": [
            "dislike"
        ]
    },
    "IMG-20260609-WA0058": {
        "bboxes": [
            [
                0.3388888888888889,
                0.2838541666666667,
                0.10925925925925926,
                0.09791666666666667
            ]
        ],
        "labels": [
            "dislike"
        ]
    },
    "IMG-20260609-WA0063": {
        "bboxes": [
            [
                0.4,
                0.33177083333333335,
                0.12129629629629629,
                0.10104166666666667
            ]
        ],
        "labels": [
            "dislike"
        ]
    },
    "IMG-20260609-WA0057": {
        "bboxes": [
            [
                0.3768518518518518,
                0.353125,
                0.14444444444444443,
                0.11770833333333333
            ]
        ],
        "labels": [
            "like"
        ]
    },
    "IMG-20260609-WA0059": {
        "bboxes": [
            [
                0.29907407407407405,
                0.28854166666666664,
                0.09259259259259259,
                0.0859375
            ]
        ],
        "labels": [
            "like"
        ]
    },
    "IMG-20260609-WA0064": {
        "bboxes": [
            [
                0.3814814814814815,
                0.3651041666666667,
                0.14537037037037037,
                0.10104166666666667
            ]
        ],
        "labels": [
            "like"
        ]
    },
    "IMG-20260609-WA0050": {
        "bboxes": [
            [
                0.14722222222222223,
                0.16875,
                0.2324074074074074,
                0.18541666666666667
            ]
        ],
        "labels": [
            "peace"
        ]
    },
    "IMG-20260609-WA0056": {
        "bboxes": [
            [
                0.20555555555555555,
                0.2140625,
                0.14351851851851852,
                0.12708333333333333
            ]
        ],
        "labels": [
            "peace"
        ]
    },
    "IMG-20260609-WA0060": {
        "bboxes": [
            [
                0.16296296296296298,
                0.19583333333333333,
                0.14629629629629629,
                0.12708333333333333
            ]
        ],
        "labels": [
            "peace"
        ]
    },
    "IMG-20260609-WA0052": {
        "bboxes": [
            [
                0.15833333333333333,
                0.22916666666666666,
                0.17314814814814813,
                0.0890625
            ]
        ],
        "labels": [
            "rock"
        ]
    },
    "IMG-20260609-WA0054": {
        "bboxes": [
            [
                0.2212962962962963,
                0.2140625,
                0.12314814814814815,
                0.06875
            ]
        ],
        "labels": [
            "rock"
        ]
    },
    "IMG-20260609-WA0061": {
        "bboxes": [
            [
                0.21574074074074073,
                0.28489583333333335,
                0.12777777777777777,
                0.0578125
            ]
        ],
        "labels": [
            "rock"
        ]
    },
    "IMG-20260609-WA0051": {
        "bboxes": [
            [
                0.19444444444444445,
                0.17552083333333332,
                0.19907407407407407,
                0.20625
            ]
        ],
        "labels": [
            "stop"
        ]
    },
    "IMG-20260609-WA0055": {
        "bboxes": [
            [
                0.24259259259259258,
                0.21875,
                0.16111111111111112,
                0.13229166666666667
            ]
        ],
        "labels": [
            "stop"
        ]
    },
    "IMG-20260609-WA0062": {
        "bboxes": [
            [
                0.262037037037037,
                0.2526041666666667,
                0.15925925925925927,
                0.13229166666666667
            ]
        ],
        "labels": [
            "stop"
        ]
    }
}